﻿L_chrImg_Index,R_chrImg_Index,Shadow_Index,talk_name_Index,CGImg_Index,Talk_Index,soundEff_Index,BGM_Index,ShakingEff_Index,wait_Index,fadeIn_Index,fadeOut_Index,fadeIn_quick_Index,fadeOut_quick_Index,RedFlash_Index,whiteFlash_Index
null,null,0,,City,null,null,null,0,2.1,0,0,FALSE,FALSE,FALSE,FALSE
null,null,0,,null,(보고서) ,19.typing,null,0,0.1,0,0,FALSE,FALSE,FALSE,FALSE
null,null,0,,null,(같은 팀에 배치된 강원진 형사에 대한 면담.) ,null,null,0,0.1,0,0,FALSE,FALSE,FALSE,FALSE
null,null,0,,null,null,null,null,0,0.1,0,0,FALSE,FALSE,FALSE,FALSE
null,null,0,,null,(심리적으로 불안해 보임. 그는 마치 무언가에 대해 매우 깊게 빠진 듯함.),19.typing,null,0,0.1,0,0,FALSE,FALSE,FALSE,FALSE
null,null,0,,null,null,null,null,0,0.1,0,0,FALSE,FALSE,FALSE,FALSE
null,null,0,,null,(사건 조사에 강박적으로 열정적임. 되려 본인의 건강이나 정신적인 부분에 대한 고려가 부족함. ) ,19.typing,null,0,0.1,0,0,FALSE,FALSE,FALSE,FALSE
null,null,0,,null,null,null,null,0,0.1,0,0,FALSE,FALSE,FALSE,FALSE
null,null,0,,null,(대인교류가 거의 없음. 필요한 말 이외에는 잘 하지 않음. 사건과 관련된 상황 외에는 대화가 일절 없는 경우가 다수.) ,19.typing,null,0,0.1,0,0,FALSE,FALSE,FALSE,FALSE
null,null,0,,null,null,null,null,0,0.1,0,0,FALSE,FALSE,FALSE,FALSE
null,null,0,,null,(결론 : 상담을 통하여 팀웍을 증진시킬 수 있도록 하겠음.) ,19.typing,null,0,0.1,0,0,FALSE,FALSE,FALSE,FALSE
null,null,0,,null,null,null,null,0,0.1,0,0,FALSE,FALSE,FALSE,FALSE
null,null,0,,null,"(이하, 보고 마침.) ",19.typing,null,0,0.1,0,0,FALSE,FALSE,FALSE,FALSE
null,null,0,,null,아이들 면담일지도 아니고……. ,null,null,0,0.1,0,0,FALSE,FALSE,FALSE,FALSE
null,null,0,,null,……. ,null,null,0,0.1,0,0,FALSE,FALSE,FALSE,FALSE
null,null,0,,null,null,null,null,0,0.1,0,0,FALSE,FALSE,FALSE,FALSE
null,null,0,,null,"…아니지, 생각을 바꾸면 편하잖아. ",null,null,0,0.1,0,0,FALSE,FALSE,FALSE,FALSE
null,null,0,,null,null,null,null,0,0.1,0,0,FALSE,FALSE,FALSE,FALSE
null,null,0,,null,날 위한 트로피. ,null,null,0,0.1,0,0,FALSE,FALSE,FALSE,FALSE
null,null,0,,null,null,null,null,0,4.1,0,0,FALSE,FALSE,FALSE,FALSE
null,null,0,,null,검게 채워진 파일 속 첫 장을 장식할 첫 번째 기록. ,null,null,0,0.1,0,0,FALSE,FALSE,FALSE,FALSE
null,null,0,,null,삼성동 경한기업 앞에서 벌여지는 바이오칩 반대 시위는 나날이 거세져만 간다. ,null,null,0,0.1,0,0,FALSE,FALSE,FALSE,FALSE
null,null,0,,null,그와 별개로 한국 각지에서 일어나는 잦은 폭력 사태들. ,null,null,0,0.1,0,0,FALSE,FALSE,FALSE,FALSE
null,null,0,,null,우리는 이 사건을 바이오칩과 깊은 연관이 있음은 진작부터 알고 있었다. ,null,null,0,0.1,0,0,FALSE,FALSE,FALSE,FALSE
null,null,0,,null,최소한으로 할 수 있는 건 연관되어 보이는 사건을 추적해 그 사건이 바이오칩과 연관되어 있다는 정확한 증빙 및 진술. ,null,null,0,0.1,0,0,FALSE,FALSE,FALSE,FALSE
null,null,0,,null,"하지만, 사건의 결말에 도달하기 까지에는 아직까지도 머나먼 여정임이 분명하다. ",null,null,0,0.1,0,0,FALSE,FALSE,FALSE,FALSE
null,null,0,,null,그렇다면 어떻게 해야할까. ,null,null,0,0.1,0,0,FALSE,FALSE,FALSE,FALSE
null,null,0,,null,나는 나 자신의 의문점에 대한 해답조차 찾지 못한채. ,null,null,0,0.1,0,0,FALSE,FALSE,FALSE,FALSE
null,null,0,,null,이 파일의 결말을 메꾸어 가기 위해 끊임없이 필기한다. ,null,null,0,0.1,0,0,FALSE,FALSE,FALSE,FALSE
null,null,0,,null,"다가올, 언젠가의 끝. 이 이야기의 기록을 끝내기 위해.",null,null,0,0.1,0,0,FALSE,FALSE,FALSE,FALSE
null,null,0,,null,나는 팬대를 굴렸다.,null,null,0,0.1,0,0,FALSE,FALSE,FALSE,FALSE
null,null,0,,null,null,null,null,0,2.1,0,0,FALSE,FALSE,FALSE,FALSE
null,null,0,,null,기록1. 눈먼 새는 기둥과 충돌한다.,null,null,0,0.1,0,0,FALSE,FALSE,FALSE,FALSE
