﻿L_chrImg_Index,R_chrImg_Index,Shadow_Index,talk_name_Index,CGImg_Index,Talk_Index,soundEff_Index,BGM_Index,ShakingEff_Index,wait_Index,fadeIn_Index,fadeOut_Index,fadeIn_quick_Index,fadeOut_quick_Index,RedFlash_Index,whiteFlash_Index
null,null,0,,City,null,null,null,0,2.1,2,0,FALSE,FALSE,FALSE,FALSE
null,null,0,강원진,null,전원 다 손 머리 위로. ,null,null,0,0.1,0,0,FALSE,FALSE,FALSE,FALSE
null,null,0,,null,null,01.gunready,null,0,2.1,0,0,FALSE,FALSE,FALSE,FALSE
null,null,0,강원진,null,폭탄 테러 혐의로 전원 긴급 체포하겠습니다. ,null,null,0,0.1,0,0,FALSE,FALSE,FALSE,FALSE
null,null,0,테러범,null,혼자서 뭘 어쩌겠다고? ,null,null,0,0.1,0,0,FALSE,FALSE,FALSE,FALSE
null,null,0,강원진,null,"저항한다면, 바로 제압하겠습니다. ",null,null,0,0.1,0,0,FALSE,FALSE,FALSE,FALSE
null,null,0,테러범,null,다 칼들어. ,null,null,0,0.1,0,0,FALSE,FALSE,FALSE,FALSE
,,,,,,,,,,,,,,,
,,,,,,,,,,,,,,,
,,,,,,,,,,,,,,,
,,,,,,,,,,,,,,,
,,,,,,,,,,,,,,,
,,,,,,,,,,,,,,,
,,,,,,,,,,,,,,,
,,,,,,,,,,,,,,,
,,,,,,,,,,,,,,,
,,,,,,,,,,,,,,,
,,,,,,,,,,,,,,,
,,,,,,,,,,,,,,,
,,,,,,,,,,,,,,,
,,,,,,,,,,,,,,,
,,,,,,,,,,,,,,,
,,,,,,,,,,,,,,,
